,title,year,first_author,website,journal_name,link,page_from
0,Topics and trends in artificial intelligence assisted human brain research,2020,X Chen,journals.plos.org,PLoS One,https://journals.plos.org/plosone/article?id=10.1371/journal.pone.0231192,0
1,Advancements and hot research topics of artificial intelligence in mobile learning: a review of journal publications from 1995 to 2019,2021,GJ Hwang,inderscienceonline.com,International Journal of Mobile,https://www.inderscienceonline.com/doi/abs/10.1504/IJMLO.2021.118444,0
2,[BOOK][B] Introduction to artificial intelligence,2018,W Ertel,books.google.com,unknown,http://103.47.12.35/bitstream/handle/1/1295/PS2%20Introduction%20to%20Artificial%20Intelligence%20%28%20PDFDrive%20%29.pdf,0
3,Artificial intelligence and internet of things in small and medium-sized enterprises: A survey,2021,EB Hansen,Elsevier,Journal of Manufacturing Systems,https://www.researchgate.net/profile/Emil-Hansen-10/publication/343630107_Artificial_intelligence_and_internet_of_things_in_small_and_medium-sized_enterprises_A_survey/links/607006f7a6fdcc5f7790a6bf/Artificial-intelligence-and-internet-of-things-in-small-and-medium-sized-enterprises-A-survey.pdf,0
4,Teachers' perspectives on artificial intelligence,2019,A Lindner,researchgate.net,12th International conference on,https://www.researchgate.net/profile/Annabel-Lindner/publication/337716601_Teachers'_Perspectives_on_Artificial_Intelligence/links/5e1077954585159aa4b140eb/Teachers-Perspectives-on-Artificial-Intelligence.pdf,0
5,Machine learning & artificial intelligence in the quantum domain: a review of recent progress,2018,V Dunjko,iopscience.iop.org,Reports on Progress in Physics,https://iopscience.iop.org/article/10.1088/1361-6633/aab406/pdf,0
6,Conceptual modeling in the era of Big Data and Artificial Intelligence: Research topics and introduction to the special issue,2021,J Trujillo,Elsevier,Data & Knowledge,https://rua.ua.es/dspace/bitstream/10045/118674/5/Trujillo_etal_2021_DataKnowEng_preprint.pdf,0
7,Linking artificial intelligence principles,2018,Y Zeng,arxiv.org,arXiv preprint arXiv:1812.04814,https://arxiv.org/pdf/1812.04814,0
8,Artificial intelligence in the 21st century,2018,J Liu,ieeexplore.ieee.org,IEEE Access,https://ieeexplore.ieee.org/iel7/6287639/6514899/08325446.pdf,0
9,Identification and analysis of core topics in educational artificial intelligence research: A Bibliometric analysis,2021,S Pu,un-pub.eu,Cypriot Journal of,https://www.un-pub.eu/ojs/index.php/cjes/article/download/5782/7379,0
0,Topics and trends in artificial intelligence assisted human brain research,2020,X Chen,journals.plos.org,PLoS One,https://journals.plos.org/plosone/article?id=10.1371/journal.pone.0231192,10
1,Advancements and hot research topics of artificial intelligence in mobile learning: a review of journal publications from 1995 to 2019,2021,GJ Hwang,inderscienceonline.com,International Journal of Mobile,https://www.inderscienceonline.com/doi/abs/10.1504/IJMLO.2021.118444,10
2,[BOOK][B] Introduction to artificial intelligence,2018,W Ertel,books.google.com,unknown,http://103.47.12.35/bitstream/handle/1/1295/PS2%20Introduction%20to%20Artificial%20Intelligence%20%28%20PDFDrive%20%29.pdf,10
3,Artificial intelligence and internet of things in small and medium-sized enterprises: A survey,2021,EB Hansen,Elsevier,Journal of Manufacturing Systems,https://www.researchgate.net/profile/Emil-Hansen-10/publication/343630107_Artificial_intelligence_and_internet_of_things_in_small_and_medium-sized_enterprises_A_survey/links/607006f7a6fdcc5f7790a6bf/Artificial-intelligence-and-internet-of-things-in-small-and-medium-sized-enterprises-A-survey.pdf,10
4,Teachers' perspectives on artificial intelligence,2019,A Lindner,researchgate.net,12th International conference on,https://www.researchgate.net/profile/Annabel-Lindner/publication/337716601_Teachers'_Perspectives_on_Artificial_Intelligence/links/5e1077954585159aa4b140eb/Teachers-Perspectives-on-Artificial-Intelligence.pdf,10
5,Machine learning & artificial intelligence in the quantum domain: a review of recent progress,2018,V Dunjko,iopscience.iop.org,Reports on Progress in Physics,https://iopscience.iop.org/article/10.1088/1361-6633/aab406/pdf,10
6,Conceptual modeling in the era of Big Data and Artificial Intelligence: Research topics and introduction to the special issue,2021,J Trujillo,Elsevier,Data & Knowledge,https://rua.ua.es/dspace/bitstream/10045/118674/5/Trujillo_etal_2021_DataKnowEng_preprint.pdf,10
7,Linking artificial intelligence principles,2018,Y Zeng,arxiv.org,arXiv preprint arXiv:1812.04814,https://arxiv.org/pdf/1812.04814,10
8,Artificial intelligence in the 21st century,2018,J Liu,ieeexplore.ieee.org,IEEE Access,https://ieeexplore.ieee.org/iel7/6287639/6514899/08325446.pdf,10
9,Identification and analysis of core topics in educational artificial intelligence research: A Bibliometric analysis,2021,S Pu,un-pub.eu,Cypriot Journal of,https://www.un-pub.eu/ojs/index.php/cjes/article/download/5782/7379,10
0,Topics and trends in artificial intelligence assisted human brain research,2020,X Chen,journals.plos.org,PLoS One,https://journals.plos.org/plosone/article?id=10.1371/journal.pone.0231192,20
1,Advancements and hot research topics of artificial intelligence in mobile learning: a review of journal publications from 1995 to 2019,2021,GJ Hwang,inderscienceonline.com,International Journal of Mobile,https://www.inderscienceonline.com/doi/abs/10.1504/IJMLO.2021.118444,20
2,[BOOK][B] Introduction to artificial intelligence,2018,W Ertel,books.google.com,unknown,http://103.47.12.35/bitstream/handle/1/1295/PS2%20Introduction%20to%20Artificial%20Intelligence%20%28%20PDFDrive%20%29.pdf,20
3,Artificial intelligence and internet of things in small and medium-sized enterprises: A survey,2021,EB Hansen,Elsevier,Journal of Manufacturing Systems,https://www.researchgate.net/profile/Emil-Hansen-10/publication/343630107_Artificial_intelligence_and_internet_of_things_in_small_and_medium-sized_enterprises_A_survey/links/607006f7a6fdcc5f7790a6bf/Artificial-intelligence-and-internet-of-things-in-small-and-medium-sized-enterprises-A-survey.pdf,20
4,Teachers' perspectives on artificial intelligence,2019,A Lindner,researchgate.net,12th International conference on,https://www.researchgate.net/profile/Annabel-Lindner/publication/337716601_Teachers'_Perspectives_on_Artificial_Intelligence/links/5e1077954585159aa4b140eb/Teachers-Perspectives-on-Artificial-Intelligence.pdf,20
5,Machine learning & artificial intelligence in the quantum domain: a review of recent progress,2018,V Dunjko,iopscience.iop.org,Reports on Progress in Physics,https://iopscience.iop.org/article/10.1088/1361-6633/aab406/pdf,20
6,Conceptual modeling in the era of Big Data and Artificial Intelligence: Research topics and introduction to the special issue,2021,J Trujillo,Elsevier,Data & Knowledge,https://rua.ua.es/dspace/bitstream/10045/118674/5/Trujillo_etal_2021_DataKnowEng_preprint.pdf,20
7,Linking artificial intelligence principles,2018,Y Zeng,arxiv.org,arXiv preprint arXiv:1812.04814,https://arxiv.org/pdf/1812.04814,20
8,Artificial intelligence in the 21st century,2018,J Liu,ieeexplore.ieee.org,IEEE Access,https://ieeexplore.ieee.org/iel7/6287639/6514899/08325446.pdf,20
9,Identification and analysis of core topics in educational artificial intelligence research: A Bibliometric analysis,2021,S Pu,un-pub.eu,Cypriot Journal of,https://www.un-pub.eu/ojs/index.php/cjes/article/download/5782/7379,20
0,Topics and trends in artificial intelligence assisted human brain research,2020,X Chen,journals.plos.org,PLoS One,https://journals.plos.org/plosone/article?id=10.1371/journal.pone.0231192,30
1,Advancements and hot research topics of artificial intelligence in mobile learning: a review of journal publications from 1995 to 2019,2021,GJ Hwang,inderscienceonline.com,International Journal of Mobile,https://www.inderscienceonline.com/doi/abs/10.1504/IJMLO.2021.118444,30
2,[BOOK][B] Introduction to artificial intelligence,2018,W Ertel,books.google.com,unknown,http://103.47.12.35/bitstream/handle/1/1295/PS2%20Introduction%20to%20Artificial%20Intelligence%20%28%20PDFDrive%20%29.pdf,30
3,Artificial intelligence and internet of things in small and medium-sized enterprises: A survey,2021,EB Hansen,Elsevier,Journal of Manufacturing Systems,https://www.researchgate.net/profile/Emil-Hansen-10/publication/343630107_Artificial_intelligence_and_internet_of_things_in_small_and_medium-sized_enterprises_A_survey/links/607006f7a6fdcc5f7790a6bf/Artificial-intelligence-and-internet-of-things-in-small-and-medium-sized-enterprises-A-survey.pdf,30
4,Teachers' perspectives on artificial intelligence,2019,A Lindner,researchgate.net,12th International conference on,https://www.researchgate.net/profile/Annabel-Lindner/publication/337716601_Teachers'_Perspectives_on_Artificial_Intelligence/links/5e1077954585159aa4b140eb/Teachers-Perspectives-on-Artificial-Intelligence.pdf,30
5,Machine learning & artificial intelligence in the quantum domain: a review of recent progress,2018,V Dunjko,iopscience.iop.org,Reports on Progress in Physics,https://iopscience.iop.org/article/10.1088/1361-6633/aab406/pdf,30
6,Conceptual modeling in the era of Big Data and Artificial Intelligence: Research topics and introduction to the special issue,2021,J Trujillo,Elsevier,Data & Knowledge,https://rua.ua.es/dspace/bitstream/10045/118674/5/Trujillo_etal_2021_DataKnowEng_preprint.pdf,30
7,Linking artificial intelligence principles,2018,Y Zeng,arxiv.org,arXiv preprint arXiv:1812.04814,https://arxiv.org/pdf/1812.04814,30
8,Artificial intelligence in the 21st century,2018,J Liu,ieeexplore.ieee.org,IEEE Access,https://ieeexplore.ieee.org/iel7/6287639/6514899/08325446.pdf,30
9,Identification and analysis of core topics in educational artificial intelligence research: A Bibliometric analysis,2021,S Pu,un-pub.eu,Cypriot Journal of,https://www.un-pub.eu/ojs/index.php/cjes/article/download/5782/7379,30
0,Topics and trends in artificial intelligence assisted human brain research,2020,X Chen,journals.plos.org,PLoS One,https://journals.plos.org/plosone/article?id=10.1371/journal.pone.0231192,40
1,Advancements and hot research topics of artificial intelligence in mobile learning: a review of journal publications from 1995 to 2019,2021,GJ Hwang,inderscienceonline.com,International Journal of Mobile,https://www.inderscienceonline.com/doi/abs/10.1504/IJMLO.2021.118444,40
2,[BOOK][B] Introduction to artificial intelligence,2018,W Ertel,books.google.com,unknown,http://103.47.12.35/bitstream/handle/1/1295/PS2%20Introduction%20to%20Artificial%20Intelligence%20%28%20PDFDrive%20%29.pdf,40
3,Artificial intelligence and internet of things in small and medium-sized enterprises: A survey,2021,EB Hansen,Elsevier,Journal of Manufacturing Systems,https://www.researchgate.net/profile/Emil-Hansen-10/publication/343630107_Artificial_intelligence_and_internet_of_things_in_small_and_medium-sized_enterprises_A_survey/links/607006f7a6fdcc5f7790a6bf/Artificial-intelligence-and-internet-of-things-in-small-and-medium-sized-enterprises-A-survey.pdf,40
4,Teachers' perspectives on artificial intelligence,2019,A Lindner,researchgate.net,12th International conference on,https://www.researchgate.net/profile/Annabel-Lindner/publication/337716601_Teachers'_Perspectives_on_Artificial_Intelligence/links/5e1077954585159aa4b140eb/Teachers-Perspectives-on-Artificial-Intelligence.pdf,40
5,Machine learning & artificial intelligence in the quantum domain: a review of recent progress,2018,V Dunjko,iopscience.iop.org,Reports on Progress in Physics,https://iopscience.iop.org/article/10.1088/1361-6633/aab406/pdf,40
6,Conceptual modeling in the era of Big Data and Artificial Intelligence: Research topics and introduction to the special issue,2021,J Trujillo,Elsevier,Data & Knowledge,https://rua.ua.es/dspace/bitstream/10045/118674/5/Trujillo_etal_2021_DataKnowEng_preprint.pdf,40
7,Linking artificial intelligence principles,2018,Y Zeng,arxiv.org,arXiv preprint arXiv:1812.04814,https://arxiv.org/pdf/1812.04814,40
8,Artificial intelligence in the 21st century,2018,J Liu,ieeexplore.ieee.org,IEEE Access,https://ieeexplore.ieee.org/iel7/6287639/6514899/08325446.pdf,40
9,Identification and analysis of core topics in educational artificial intelligence research: A Bibliometric analysis,2021,S Pu,un-pub.eu,Cypriot Journal of,https://www.un-pub.eu/ojs/index.php/cjes/article/download/5782/7379,40
0,Topics and trends in artificial intelligence assisted human brain research,2020,X Chen,journals.plos.org,PLoS One,https://journals.plos.org/plosone/article?id=10.1371/journal.pone.0231192,50
1,Advancements and hot research topics of artificial intelligence in mobile learning: a review of journal publications from 1995 to 2019,2021,GJ Hwang,inderscienceonline.com,International Journal of Mobile,https://www.inderscienceonline.com/doi/abs/10.1504/IJMLO.2021.118444,50
2,[BOOK][B] Introduction to artificial intelligence,2018,W Ertel,books.google.com,unknown,http://103.47.12.35/bitstream/handle/1/1295/PS2%20Introduction%20to%20Artificial%20Intelligence%20%28%20PDFDrive%20%29.pdf,50
3,Artificial intelligence and internet of things in small and medium-sized enterprises: A survey,2021,EB Hansen,Elsevier,Journal of Manufacturing Systems,https://www.researchgate.net/profile/Emil-Hansen-10/publication/343630107_Artificial_intelligence_and_internet_of_things_in_small_and_medium-sized_enterprises_A_survey/links/607006f7a6fdcc5f7790a6bf/Artificial-intelligence-and-internet-of-things-in-small-and-medium-sized-enterprises-A-survey.pdf,50
4,Teachers' perspectives on artificial intelligence,2019,A Lindner,researchgate.net,12th International conference on,https://www.researchgate.net/profile/Annabel-Lindner/publication/337716601_Teachers'_Perspectives_on_Artificial_Intelligence/links/5e1077954585159aa4b140eb/Teachers-Perspectives-on-Artificial-Intelligence.pdf,50
5,Machine learning & artificial intelligence in the quantum domain: a review of recent progress,2018,V Dunjko,iopscience.iop.org,Reports on Progress in Physics,https://iopscience.iop.org/article/10.1088/1361-6633/aab406/pdf,50
6,Conceptual modeling in the era of Big Data and Artificial Intelligence: Research topics and introduction to the special issue,2021,J Trujillo,Elsevier,Data & Knowledge,https://rua.ua.es/dspace/bitstream/10045/118674/5/Trujillo_etal_2021_DataKnowEng_preprint.pdf,50
7,Linking artificial intelligence principles,2018,Y Zeng,arxiv.org,arXiv preprint arXiv:1812.04814,https://arxiv.org/pdf/1812.04814,50
8,Artificial intelligence in the 21st century,2018,J Liu,ieeexplore.ieee.org,IEEE Access,https://ieeexplore.ieee.org/iel7/6287639/6514899/08325446.pdf,50
9,Identification and analysis of core topics in educational artificial intelligence research: A Bibliometric analysis,2021,S Pu,un-pub.eu,Cypriot Journal of,https://www.un-pub.eu/ojs/index.php/cjes/article/download/5782/7379,50
0,Topics and trends in artificial intelligence assisted human brain research,2020,X Chen,journals.plos.org,PLoS One,https://journals.plos.org/plosone/article?id=10.1371/journal.pone.0231192,60
1,Advancements and hot research topics of artificial intelligence in mobile learning: a review of journal publications from 1995 to 2019,2021,GJ Hwang,inderscienceonline.com,International Journal of Mobile,https://www.inderscienceonline.com/doi/abs/10.1504/IJMLO.2021.118444,60
2,[BOOK][B] Introduction to artificial intelligence,2018,W Ertel,books.google.com,unknown,http://103.47.12.35/bitstream/handle/1/1295/PS2%20Introduction%20to%20Artificial%20Intelligence%20%28%20PDFDrive%20%29.pdf,60
3,Artificial intelligence and internet of things in small and medium-sized enterprises: A survey,2021,EB Hansen,Elsevier,Journal of Manufacturing Systems,https://www.researchgate.net/profile/Emil-Hansen-10/publication/343630107_Artificial_intelligence_and_internet_of_things_in_small_and_medium-sized_enterprises_A_survey/links/607006f7a6fdcc5f7790a6bf/Artificial-intelligence-and-internet-of-things-in-small-and-medium-sized-enterprises-A-survey.pdf,60
4,Teachers' perspectives on artificial intelligence,2019,A Lindner,researchgate.net,12th International conference on,https://www.researchgate.net/profile/Annabel-Lindner/publication/337716601_Teachers'_Perspectives_on_Artificial_Intelligence/links/5e1077954585159aa4b140eb/Teachers-Perspectives-on-Artificial-Intelligence.pdf,60
5,Machine learning & artificial intelligence in the quantum domain: a review of recent progress,2018,V Dunjko,iopscience.iop.org,Reports on Progress in Physics,https://iopscience.iop.org/article/10.1088/1361-6633/aab406/pdf,60
6,Conceptual modeling in the era of Big Data and Artificial Intelligence: Research topics and introduction to the special issue,2021,J Trujillo,Elsevier,Data & Knowledge,https://rua.ua.es/dspace/bitstream/10045/118674/5/Trujillo_etal_2021_DataKnowEng_preprint.pdf,60
7,Linking artificial intelligence principles,2018,Y Zeng,arxiv.org,arXiv preprint arXiv:1812.04814,https://arxiv.org/pdf/1812.04814,60
8,Artificial intelligence in the 21st century,2018,J Liu,ieeexplore.ieee.org,IEEE Access,https://ieeexplore.ieee.org/iel7/6287639/6514899/08325446.pdf,60
9,Identification and analysis of core topics in educational artificial intelligence research: A Bibliometric analysis,2021,S Pu,un-pub.eu,Cypriot Journal of,https://www.un-pub.eu/ojs/index.php/cjes/article/download/5782/7379,60
0,Topics and trends in artificial intelligence assisted human brain research,2020,X Chen,journals.plos.org,PLoS One,https://journals.plos.org/plosone/article?id=10.1371/journal.pone.0231192,70
1,Advancements and hot research topics of artificial intelligence in mobile learning: a review of journal publications from 1995 to 2019,2021,GJ Hwang,inderscienceonline.com,International Journal of Mobile,https://www.inderscienceonline.com/doi/abs/10.1504/IJMLO.2021.118444,70
2,[BOOK][B] Introduction to artificial intelligence,2018,W Ertel,books.google.com,unknown,http://103.47.12.35/bitstream/handle/1/1295/PS2%20Introduction%20to%20Artificial%20Intelligence%20%28%20PDFDrive%20%29.pdf,70
3,Artificial intelligence and internet of things in small and medium-sized enterprises: A survey,2021,EB Hansen,Elsevier,Journal of Manufacturing Systems,https://www.researchgate.net/profile/Emil-Hansen-10/publication/343630107_Artificial_intelligence_and_internet_of_things_in_small_and_medium-sized_enterprises_A_survey/links/607006f7a6fdcc5f7790a6bf/Artificial-intelligence-and-internet-of-things-in-small-and-medium-sized-enterprises-A-survey.pdf,70
4,Teachers' perspectives on artificial intelligence,2019,A Lindner,researchgate.net,12th International conference on,https://www.researchgate.net/profile/Annabel-Lindner/publication/337716601_Teachers'_Perspectives_on_Artificial_Intelligence/links/5e1077954585159aa4b140eb/Teachers-Perspectives-on-Artificial-Intelligence.pdf,70
5,Machine learning & artificial intelligence in the quantum domain: a review of recent progress,2018,V Dunjko,iopscience.iop.org,Reports on Progress in Physics,https://iopscience.iop.org/article/10.1088/1361-6633/aab406/pdf,70
6,Conceptual modeling in the era of Big Data and Artificial Intelligence: Research topics and introduction to the special issue,2021,J Trujillo,Elsevier,Data & Knowledge,https://rua.ua.es/dspace/bitstream/10045/118674/5/Trujillo_etal_2021_DataKnowEng_preprint.pdf,70
7,Linking artificial intelligence principles,2018,Y Zeng,arxiv.org,arXiv preprint arXiv:1812.04814,https://arxiv.org/pdf/1812.04814,70
8,Artificial intelligence in the 21st century,2018,J Liu,ieeexplore.ieee.org,IEEE Access,https://ieeexplore.ieee.org/iel7/6287639/6514899/08325446.pdf,70
9,Identification and analysis of core topics in educational artificial intelligence research: A Bibliometric analysis,2021,S Pu,un-pub.eu,Cypriot Journal of,https://www.un-pub.eu/ojs/index.php/cjes/article/download/5782/7379,70
0,Topics and trends in artificial intelligence assisted human brain research,2020,X Chen,journals.plos.org,PLoS One,https://journals.plos.org/plosone/article?id=10.1371/journal.pone.0231192,80
1,Advancements and hot research topics of artificial intelligence in mobile learning: a review of journal publications from 1995 to 2019,2021,GJ Hwang,inderscienceonline.com,International Journal of Mobile,https://www.inderscienceonline.com/doi/abs/10.1504/IJMLO.2021.118444,80
2,[BOOK][B] Introduction to artificial intelligence,2018,W Ertel,books.google.com,unknown,http://103.47.12.35/bitstream/handle/1/1295/PS2%20Introduction%20to%20Artificial%20Intelligence%20%28%20PDFDrive%20%29.pdf,80
3,Artificial intelligence and internet of things in small and medium-sized enterprises: A survey,2021,EB Hansen,Elsevier,Journal of Manufacturing Systems,https://www.researchgate.net/profile/Emil-Hansen-10/publication/343630107_Artificial_intelligence_and_internet_of_things_in_small_and_medium-sized_enterprises_A_survey/links/607006f7a6fdcc5f7790a6bf/Artificial-intelligence-and-internet-of-things-in-small-and-medium-sized-enterprises-A-survey.pdf,80
4,Teachers' perspectives on artificial intelligence,2019,A Lindner,researchgate.net,12th International conference on,https://www.researchgate.net/profile/Annabel-Lindner/publication/337716601_Teachers'_Perspectives_on_Artificial_Intelligence/links/5e1077954585159aa4b140eb/Teachers-Perspectives-on-Artificial-Intelligence.pdf,80
5,Machine learning & artificial intelligence in the quantum domain: a review of recent progress,2018,V Dunjko,iopscience.iop.org,Reports on Progress in Physics,https://iopscience.iop.org/article/10.1088/1361-6633/aab406/pdf,80
6,Conceptual modeling in the era of Big Data and Artificial Intelligence: Research topics and introduction to the special issue,2021,J Trujillo,Elsevier,Data & Knowledge,https://rua.ua.es/dspace/bitstream/10045/118674/5/Trujillo_etal_2021_DataKnowEng_preprint.pdf,80
7,Linking artificial intelligence principles,2018,Y Zeng,arxiv.org,arXiv preprint arXiv:1812.04814,https://arxiv.org/pdf/1812.04814,80
8,Artificial intelligence in the 21st century,2018,J Liu,ieeexplore.ieee.org,IEEE Access,https://ieeexplore.ieee.org/iel7/6287639/6514899/08325446.pdf,80
9,Identification and analysis of core topics in educational artificial intelligence research: A Bibliometric analysis,2021,S Pu,un-pub.eu,Cypriot Journal of,https://www.un-pub.eu/ojs/index.php/cjes/article/download/5782/7379,80
0,Topics and trends in artificial intelligence assisted human brain research,2020,X Chen,journals.plos.org,PLoS One,https://journals.plos.org/plosone/article?id=10.1371/journal.pone.0231192,90
1,Advancements and hot research topics of artificial intelligence in mobile learning: a review of journal publications from 1995 to 2019,2021,GJ Hwang,inderscienceonline.com,International Journal of Mobile,https://www.inderscienceonline.com/doi/abs/10.1504/IJMLO.2021.118444,90
2,[BOOK][B] Introduction to artificial intelligence,2018,W Ertel,books.google.com,unknown,http://103.47.12.35/bitstream/handle/1/1295/PS2%20Introduction%20to%20Artificial%20Intelligence%20%28%20PDFDrive%20%29.pdf,90
3,Artificial intelligence and internet of things in small and medium-sized enterprises: A survey,2021,EB Hansen,Elsevier,Journal of Manufacturing Systems,https://www.researchgate.net/profile/Emil-Hansen-10/publication/343630107_Artificial_intelligence_and_internet_of_things_in_small_and_medium-sized_enterprises_A_survey/links/607006f7a6fdcc5f7790a6bf/Artificial-intelligence-and-internet-of-things-in-small-and-medium-sized-enterprises-A-survey.pdf,90
4,Teachers' perspectives on artificial intelligence,2019,A Lindner,researchgate.net,12th International conference on,https://www.researchgate.net/profile/Annabel-Lindner/publication/337716601_Teachers'_Perspectives_on_Artificial_Intelligence/links/5e1077954585159aa4b140eb/Teachers-Perspectives-on-Artificial-Intelligence.pdf,90
5,Machine learning & artificial intelligence in the quantum domain: a review of recent progress,2018,V Dunjko,iopscience.iop.org,Reports on Progress in Physics,https://iopscience.iop.org/article/10.1088/1361-6633/aab406/pdf,90
6,Conceptual modeling in the era of Big Data and Artificial Intelligence: Research topics and introduction to the special issue,2021,J Trujillo,Elsevier,Data & Knowledge,https://rua.ua.es/dspace/bitstream/10045/118674/5/Trujillo_etal_2021_DataKnowEng_preprint.pdf,90
7,Linking artificial intelligence principles,2018,Y Zeng,arxiv.org,arXiv preprint arXiv:1812.04814,https://arxiv.org/pdf/1812.04814,90
8,Artificial intelligence in the 21st century,2018,J Liu,ieeexplore.ieee.org,IEEE Access,https://ieeexplore.ieee.org/iel7/6287639/6514899/08325446.pdf,90
9,Identification and analysis of core topics in educational artificial intelligence research: A Bibliometric analysis,2021,S Pu,un-pub.eu,Cypriot Journal of,https://www.un-pub.eu/ojs/index.php/cjes/article/download/5782/7379,90
0,Topics and trends in artificial intelligence assisted human brain research,2020,X Chen,journals.plos.org,PLoS One,https://journals.plos.org/plosone/article?id=10.1371/journal.pone.0231192,100
1,Advancements and hot research topics of artificial intelligence in mobile learning: a review of journal publications from 1995 to 2019,2021,GJ Hwang,inderscienceonline.com,International Journal of Mobile,https://www.inderscienceonline.com/doi/abs/10.1504/IJMLO.2021.118444,100
2,[BOOK][B] Introduction to artificial intelligence,2018,W Ertel,books.google.com,unknown,http://103.47.12.35/bitstream/handle/1/1295/PS2%20Introduction%20to%20Artificial%20Intelligence%20%28%20PDFDrive%20%29.pdf,100
3,Artificial intelligence and internet of things in small and medium-sized enterprises: A survey,2021,EB Hansen,Elsevier,Journal of Manufacturing Systems,https://www.researchgate.net/profile/Emil-Hansen-10/publication/343630107_Artificial_intelligence_and_internet_of_things_in_small_and_medium-sized_enterprises_A_survey/links/607006f7a6fdcc5f7790a6bf/Artificial-intelligence-and-internet-of-things-in-small-and-medium-sized-enterprises-A-survey.pdf,100
4,Teachers' perspectives on artificial intelligence,2019,A Lindner,researchgate.net,12th International conference on,https://www.researchgate.net/profile/Annabel-Lindner/publication/337716601_Teachers'_Perspectives_on_Artificial_Intelligence/links/5e1077954585159aa4b140eb/Teachers-Perspectives-on-Artificial-Intelligence.pdf,100
5,Machine learning & artificial intelligence in the quantum domain: a review of recent progress,2018,V Dunjko,iopscience.iop.org,Reports on Progress in Physics,https://iopscience.iop.org/article/10.1088/1361-6633/aab406/pdf,100
6,Conceptual modeling in the era of Big Data and Artificial Intelligence: Research topics and introduction to the special issue,2021,J Trujillo,Elsevier,Data & Knowledge,https://rua.ua.es/dspace/bitstream/10045/118674/5/Trujillo_etal_2021_DataKnowEng_preprint.pdf,100
7,Linking artificial intelligence principles,2018,Y Zeng,arxiv.org,arXiv preprint arXiv:1812.04814,https://arxiv.org/pdf/1812.04814,100
8,Artificial intelligence in the 21st century,2018,J Liu,ieeexplore.ieee.org,IEEE Access,https://ieeexplore.ieee.org/iel7/6287639/6514899/08325446.pdf,100
9,Identification and analysis of core topics in educational artificial intelligence research: A Bibliometric analysis,2021,S Pu,un-pub.eu,Cypriot Journal of,https://www.un-pub.eu/ojs/index.php/cjes/article/download/5782/7379,100
0,Topics and trends in artificial intelligence assisted human brain research,2020,X Chen,journals.plos.org,PLoS One,https://journals.plos.org/plosone/article?id=10.1371/journal.pone.0231192,110
1,Advancements and hot research topics of artificial intelligence in mobile learning: a review of journal publications from 1995 to 2019,2021,GJ Hwang,inderscienceonline.com,International Journal of Mobile,https://www.inderscienceonline.com/doi/abs/10.1504/IJMLO.2021.118444,110
2,[BOOK][B] Introduction to artificial intelligence,2018,W Ertel,books.google.com,unknown,http://103.47.12.35/bitstream/handle/1/1295/PS2%20Introduction%20to%20Artificial%20Intelligence%20%28%20PDFDrive%20%29.pdf,110
3,Artificial intelligence and internet of things in small and medium-sized enterprises: A survey,2021,EB Hansen,Elsevier,Journal of Manufacturing Systems,https://www.researchgate.net/profile/Emil-Hansen-10/publication/343630107_Artificial_intelligence_and_internet_of_things_in_small_and_medium-sized_enterprises_A_survey/links/607006f7a6fdcc5f7790a6bf/Artificial-intelligence-and-internet-of-things-in-small-and-medium-sized-enterprises-A-survey.pdf,110
4,Teachers' perspectives on artificial intelligence,2019,A Lindner,researchgate.net,12th International conference on,https://www.researchgate.net/profile/Annabel-Lindner/publication/337716601_Teachers'_Perspectives_on_Artificial_Intelligence/links/5e1077954585159aa4b140eb/Teachers-Perspectives-on-Artificial-Intelligence.pdf,110
5,Machine learning & artificial intelligence in the quantum domain: a review of recent progress,2018,V Dunjko,iopscience.iop.org,Reports on Progress in Physics,https://iopscience.iop.org/article/10.1088/1361-6633/aab406/pdf,110
6,Conceptual modeling in the era of Big Data and Artificial Intelligence: Research topics and introduction to the special issue,2021,J Trujillo,Elsevier,Data & Knowledge,https://rua.ua.es/dspace/bitstream/10045/118674/5/Trujillo_etal_2021_DataKnowEng_preprint.pdf,110
7,Linking artificial intelligence principles,2018,Y Zeng,arxiv.org,arXiv preprint arXiv:1812.04814,https://arxiv.org/pdf/1812.04814,110
8,Artificial intelligence in the 21st century,2018,J Liu,ieeexplore.ieee.org,IEEE Access,https://ieeexplore.ieee.org/iel7/6287639/6514899/08325446.pdf,110
9,Identification and analysis of core topics in educational artificial intelligence research: A Bibliometric analysis,2021,S Pu,un-pub.eu,Cypriot Journal of,https://www.un-pub.eu/ojs/index.php/cjes/article/download/5782/7379,110
0,Topics and trends in artificial intelligence assisted human brain research,2020,X Chen,journals.plos.org,PLoS One,https://journals.plos.org/plosone/article?id=10.1371/journal.pone.0231192,120
1,Advancements and hot research topics of artificial intelligence in mobile learning: a review of journal publications from 1995 to 2019,2021,GJ Hwang,inderscienceonline.com,International Journal of Mobile,https://www.inderscienceonline.com/doi/abs/10.1504/IJMLO.2021.118444,120
2,[BOOK][B] Introduction to artificial intelligence,2018,W Ertel,books.google.com,unknown,http://103.47.12.35/bitstream/handle/1/1295/PS2%20Introduction%20to%20Artificial%20Intelligence%20%28%20PDFDrive%20%29.pdf,120
3,Artificial intelligence and internet of things in small and medium-sized enterprises: A survey,2021,EB Hansen,Elsevier,Journal of Manufacturing Systems,https://www.researchgate.net/profile/Emil-Hansen-10/publication/343630107_Artificial_intelligence_and_internet_of_things_in_small_and_medium-sized_enterprises_A_survey/links/607006f7a6fdcc5f7790a6bf/Artificial-intelligence-and-internet-of-things-in-small-and-medium-sized-enterprises-A-survey.pdf,120
4,Teachers' perspectives on artificial intelligence,2019,A Lindner,researchgate.net,12th International conference on,https://www.researchgate.net/profile/Annabel-Lindner/publication/337716601_Teachers'_Perspectives_on_Artificial_Intelligence/links/5e1077954585159aa4b140eb/Teachers-Perspectives-on-Artificial-Intelligence.pdf,120
5,Machine learning & artificial intelligence in the quantum domain: a review of recent progress,2018,V Dunjko,iopscience.iop.org,Reports on Progress in Physics,https://iopscience.iop.org/article/10.1088/1361-6633/aab406/pdf,120
6,Conceptual modeling in the era of Big Data and Artificial Intelligence: Research topics and introduction to the special issue,2021,J Trujillo,Elsevier,Data & Knowledge,https://rua.ua.es/dspace/bitstream/10045/118674/5/Trujillo_etal_2021_DataKnowEng_preprint.pdf,120
7,Linking artificial intelligence principles,2018,Y Zeng,arxiv.org,arXiv preprint arXiv:1812.04814,https://arxiv.org/pdf/1812.04814,120
8,Artificial intelligence in the 21st century,2018,J Liu,ieeexplore.ieee.org,IEEE Access,https://ieeexplore.ieee.org/iel7/6287639/6514899/08325446.pdf,120
9,Identification and analysis of core topics in educational artificial intelligence research: A Bibliometric analysis,2021,S Pu,un-pub.eu,Cypriot Journal of,https://www.un-pub.eu/ojs/index.php/cjes/article/download/5782/7379,120
0,Topics and trends in artificial intelligence assisted human brain research,2020,X Chen,journals.plos.org,PLoS One,https://journals.plos.org/plosone/article?id=10.1371/journal.pone.0231192,130
1,Advancements and hot research topics of artificial intelligence in mobile learning: a review of journal publications from 1995 to 2019,2021,GJ Hwang,inderscienceonline.com,International Journal of Mobile,https://www.inderscienceonline.com/doi/abs/10.1504/IJMLO.2021.118444,130
2,[BOOK][B] Introduction to artificial intelligence,2018,W Ertel,books.google.com,unknown,http://103.47.12.35/bitstream/handle/1/1295/PS2%20Introduction%20to%20Artificial%20Intelligence%20%28%20PDFDrive%20%29.pdf,130
3,Artificial intelligence and internet of things in small and medium-sized enterprises: A survey,2021,EB Hansen,Elsevier,Journal of Manufacturing Systems,https://www.researchgate.net/profile/Emil-Hansen-10/publication/343630107_Artificial_intelligence_and_internet_of_things_in_small_and_medium-sized_enterprises_A_survey/links/607006f7a6fdcc5f7790a6bf/Artificial-intelligence-and-internet-of-things-in-small-and-medium-sized-enterprises-A-survey.pdf,130
4,Teachers' perspectives on artificial intelligence,2019,A Lindner,researchgate.net,12th International conference on,https://www.researchgate.net/profile/Annabel-Lindner/publication/337716601_Teachers'_Perspectives_on_Artificial_Intelligence/links/5e1077954585159aa4b140eb/Teachers-Perspectives-on-Artificial-Intelligence.pdf,130
5,Machine learning & artificial intelligence in the quantum domain: a review of recent progress,2018,V Dunjko,iopscience.iop.org,Reports on Progress in Physics,https://iopscience.iop.org/article/10.1088/1361-6633/aab406/pdf,130
6,Conceptual modeling in the era of Big Data and Artificial Intelligence: Research topics and introduction to the special issue,2021,J Trujillo,Elsevier,Data & Knowledge,https://rua.ua.es/dspace/bitstream/10045/118674/5/Trujillo_etal_2021_DataKnowEng_preprint.pdf,130
7,Linking artificial intelligence principles,2018,Y Zeng,arxiv.org,arXiv preprint arXiv:1812.04814,https://arxiv.org/pdf/1812.04814,130
8,Artificial intelligence in the 21st century,2018,J Liu,ieeexplore.ieee.org,IEEE Access,https://ieeexplore.ieee.org/iel7/6287639/6514899/08325446.pdf,130
9,Identification and analysis of core topics in educational artificial intelligence research: A Bibliometric analysis,2021,S Pu,un-pub.eu,Cypriot Journal of,https://www.un-pub.eu/ojs/index.php/cjes/article/download/5782/7379,130
0,Topics and trends in artificial intelligence assisted human brain research,2020,X Chen,journals.plos.org,PLoS One,https://journals.plos.org/plosone/article?id=10.1371/journal.pone.0231192,140
1,Advancements and hot research topics of artificial intelligence in mobile learning: a review of journal publications from 1995 to 2019,2021,GJ Hwang,inderscienceonline.com,International Journal of Mobile,https://www.inderscienceonline.com/doi/abs/10.1504/IJMLO.2021.118444,140
2,[BOOK][B] Introduction to artificial intelligence,2018,W Ertel,books.google.com,unknown,http://103.47.12.35/bitstream/handle/1/1295/PS2%20Introduction%20to%20Artificial%20Intelligence%20%28%20PDFDrive%20%29.pdf,140
3,Artificial intelligence and internet of things in small and medium-sized enterprises: A survey,2021,EB Hansen,Elsevier,Journal of Manufacturing Systems,https://www.researchgate.net/profile/Emil-Hansen-10/publication/343630107_Artificial_intelligence_and_internet_of_things_in_small_and_medium-sized_enterprises_A_survey/links/607006f7a6fdcc5f7790a6bf/Artificial-intelligence-and-internet-of-things-in-small-and-medium-sized-enterprises-A-survey.pdf,140
4,Teachers' perspectives on artificial intelligence,2019,A Lindner,researchgate.net,12th International conference on,https://www.researchgate.net/profile/Annabel-Lindner/publication/337716601_Teachers'_Perspectives_on_Artificial_Intelligence/links/5e1077954585159aa4b140eb/Teachers-Perspectives-on-Artificial-Intelligence.pdf,140
5,Machine learning & artificial intelligence in the quantum domain: a review of recent progress,2018,V Dunjko,iopscience.iop.org,Reports on Progress in Physics,https://iopscience.iop.org/article/10.1088/1361-6633/aab406/pdf,140
6,Conceptual modeling in the era of Big Data and Artificial Intelligence: Research topics and introduction to the special issue,2021,J Trujillo,Elsevier,Data & Knowledge,https://rua.ua.es/dspace/bitstream/10045/118674/5/Trujillo_etal_2021_DataKnowEng_preprint.pdf,140
7,Linking artificial intelligence principles,2018,Y Zeng,arxiv.org,arXiv preprint arXiv:1812.04814,https://arxiv.org/pdf/1812.04814,140
8,Artificial intelligence in the 21st century,2018,J Liu,ieeexplore.ieee.org,IEEE Access,https://ieeexplore.ieee.org/iel7/6287639/6514899/08325446.pdf,140
9,Identification and analysis of core topics in educational artificial intelligence research: A Bibliometric analysis,2021,S Pu,un-pub.eu,Cypriot Journal of,https://www.un-pub.eu/ojs/index.php/cjes/article/download/5782/7379,140
0,Topics and trends in artificial intelligence assisted human brain research,2020,X Chen,journals.plos.org,PLoS One,https://journals.plos.org/plosone/article?id=10.1371/journal.pone.0231192,150
1,Advancements and hot research topics of artificial intelligence in mobile learning: a review of journal publications from 1995 to 2019,2021,GJ Hwang,inderscienceonline.com,International Journal of Mobile,https://www.inderscienceonline.com/doi/abs/10.1504/IJMLO.2021.118444,150
2,[BOOK][B] Introduction to artificial intelligence,2018,W Ertel,books.google.com,unknown,http://103.47.12.35/bitstream/handle/1/1295/PS2%20Introduction%20to%20Artificial%20Intelligence%20%28%20PDFDrive%20%29.pdf,150
3,Artificial intelligence and internet of things in small and medium-sized enterprises: A survey,2021,EB Hansen,Elsevier,Journal of Manufacturing Systems,https://www.researchgate.net/profile/Emil-Hansen-10/publication/343630107_Artificial_intelligence_and_internet_of_things_in_small_and_medium-sized_enterprises_A_survey/links/607006f7a6fdcc5f7790a6bf/Artificial-intelligence-and-internet-of-things-in-small-and-medium-sized-enterprises-A-survey.pdf,150
4,Teachers' perspectives on artificial intelligence,2019,A Lindner,researchgate.net,12th International conference on,https://www.researchgate.net/profile/Annabel-Lindner/publication/337716601_Teachers'_Perspectives_on_Artificial_Intelligence/links/5e1077954585159aa4b140eb/Teachers-Perspectives-on-Artificial-Intelligence.pdf,150
5,Machine learning & artificial intelligence in the quantum domain: a review of recent progress,2018,V Dunjko,iopscience.iop.org,Reports on Progress in Physics,https://iopscience.iop.org/article/10.1088/1361-6633/aab406/pdf,150
6,Conceptual modeling in the era of Big Data and Artificial Intelligence: Research topics and introduction to the special issue,2021,J Trujillo,Elsevier,Data & Knowledge,https://rua.ua.es/dspace/bitstream/10045/118674/5/Trujillo_etal_2021_DataKnowEng_preprint.pdf,150
7,Linking artificial intelligence principles,2018,Y Zeng,arxiv.org,arXiv preprint arXiv:1812.04814,https://arxiv.org/pdf/1812.04814,150
8,Artificial intelligence in the 21st century,2018,J Liu,ieeexplore.ieee.org,IEEE Access,https://ieeexplore.ieee.org/iel7/6287639/6514899/08325446.pdf,150
9,Identification and analysis of core topics in educational artificial intelligence research: A Bibliometric analysis,2021,S Pu,un-pub.eu,Cypriot Journal of,https://www.un-pub.eu/ojs/index.php/cjes/article/download/5782/7379,150
0,Topics and trends in artificial intelligence assisted human brain research,2020,X Chen,journals.plos.org,PLoS One,https://journals.plos.org/plosone/article?id=10.1371/journal.pone.0231192,160
1,Advancements and hot research topics of artificial intelligence in mobile learning: a review of journal publications from 1995 to 2019,2021,GJ Hwang,inderscienceonline.com,International Journal of Mobile,https://www.inderscienceonline.com/doi/abs/10.1504/IJMLO.2021.118444,160
2,[BOOK][B] Introduction to artificial intelligence,2018,W Ertel,books.google.com,unknown,http://103.47.12.35/bitstream/handle/1/1295/PS2%20Introduction%20to%20Artificial%20Intelligence%20%28%20PDFDrive%20%29.pdf,160
3,Artificial intelligence and internet of things in small and medium-sized enterprises: A survey,2021,EB Hansen,Elsevier,Journal of Manufacturing Systems,https://www.researchgate.net/profile/Emil-Hansen-10/publication/343630107_Artificial_intelligence_and_internet_of_things_in_small_and_medium-sized_enterprises_A_survey/links/607006f7a6fdcc5f7790a6bf/Artificial-intelligence-and-internet-of-things-in-small-and-medium-sized-enterprises-A-survey.pdf,160
4,Teachers' perspectives on artificial intelligence,2019,A Lindner,researchgate.net,12th International conference on,https://www.researchgate.net/profile/Annabel-Lindner/publication/337716601_Teachers'_Perspectives_on_Artificial_Intelligence/links/5e1077954585159aa4b140eb/Teachers-Perspectives-on-Artificial-Intelligence.pdf,160
5,Machine learning & artificial intelligence in the quantum domain: a review of recent progress,2018,V Dunjko,iopscience.iop.org,Reports on Progress in Physics,https://iopscience.iop.org/article/10.1088/1361-6633/aab406/pdf,160
6,Conceptual modeling in the era of Big Data and Artificial Intelligence: Research topics and introduction to the special issue,2021,J Trujillo,Elsevier,Data & Knowledge,https://rua.ua.es/dspace/bitstream/10045/118674/5/Trujillo_etal_2021_DataKnowEng_preprint.pdf,160
7,Linking artificial intelligence principles,2018,Y Zeng,arxiv.org,arXiv preprint arXiv:1812.04814,https://arxiv.org/pdf/1812.04814,160
8,Artificial intelligence in the 21st century,2018,J Liu,ieeexplore.ieee.org,IEEE Access,https://ieeexplore.ieee.org/iel7/6287639/6514899/08325446.pdf,160
9,Identification and analysis of core topics in educational artificial intelligence research: A Bibliometric analysis,2021,S Pu,un-pub.eu,Cypriot Journal of,https://www.un-pub.eu/ojs/index.php/cjes/article/download/5782/7379,160
0,Topics and trends in artificial intelligence assisted human brain research,2020,X Chen,journals.plos.org,PLoS One,https://journals.plos.org/plosone/article?id=10.1371/journal.pone.0231192,170
1,Advancements and hot research topics of artificial intelligence in mobile learning: a review of journal publications from 1995 to 2019,2021,GJ Hwang,inderscienceonline.com,International Journal of Mobile,https://www.inderscienceonline.com/doi/abs/10.1504/IJMLO.2021.118444,170
2,[BOOK][B] Introduction to artificial intelligence,2018,W Ertel,books.google.com,unknown,http://103.47.12.35/bitstream/handle/1/1295/PS2%20Introduction%20to%20Artificial%20Intelligence%20%28%20PDFDrive%20%29.pdf,170
3,Artificial intelligence and internet of things in small and medium-sized enterprises: A survey,2021,EB Hansen,Elsevier,Journal of Manufacturing Systems,https://www.researchgate.net/profile/Emil-Hansen-10/publication/343630107_Artificial_intelligence_and_internet_of_things_in_small_and_medium-sized_enterprises_A_survey/links/607006f7a6fdcc5f7790a6bf/Artificial-intelligence-and-internet-of-things-in-small-and-medium-sized-enterprises-A-survey.pdf,170
4,Teachers' perspectives on artificial intelligence,2019,A Lindner,researchgate.net,12th International conference on,https://www.researchgate.net/profile/Annabel-Lindner/publication/337716601_Teachers'_Perspectives_on_Artificial_Intelligence/links/5e1077954585159aa4b140eb/Teachers-Perspectives-on-Artificial-Intelligence.pdf,170
5,Machine learning & artificial intelligence in the quantum domain: a review of recent progress,2018,V Dunjko,iopscience.iop.org,Reports on Progress in Physics,https://iopscience.iop.org/article/10.1088/1361-6633/aab406/pdf,170
6,Conceptual modeling in the era of Big Data and Artificial Intelligence: Research topics and introduction to the special issue,2021,J Trujillo,Elsevier,Data & Knowledge,https://rua.ua.es/dspace/bitstream/10045/118674/5/Trujillo_etal_2021_DataKnowEng_preprint.pdf,170
7,Linking artificial intelligence principles,2018,Y Zeng,arxiv.org,arXiv preprint arXiv:1812.04814,https://arxiv.org/pdf/1812.04814,170
8,Artificial intelligence in the 21st century,2018,J Liu,ieeexplore.ieee.org,IEEE Access,https://ieeexplore.ieee.org/iel7/6287639/6514899/08325446.pdf,170
9,Identification and analysis of core topics in educational artificial intelligence research: A Bibliometric analysis,2021,S Pu,un-pub.eu,Cypriot Journal of,https://www.un-pub.eu/ojs/index.php/cjes/article/download/5782/7379,170
0,Topics and trends in artificial intelligence assisted human brain research,2020,X Chen,journals.plos.org,PLoS One,https://journals.plos.org/plosone/article?id=10.1371/journal.pone.0231192,180
1,Advancements and hot research topics of artificial intelligence in mobile learning: a review of journal publications from 1995 to 2019,2021,GJ Hwang,inderscienceonline.com,International Journal of Mobile,https://www.inderscienceonline.com/doi/abs/10.1504/IJMLO.2021.118444,180
2,[BOOK][B] Introduction to artificial intelligence,2018,W Ertel,books.google.com,unknown,http://103.47.12.35/bitstream/handle/1/1295/PS2%20Introduction%20to%20Artificial%20Intelligence%20%28%20PDFDrive%20%29.pdf,180
3,Artificial intelligence and internet of things in small and medium-sized enterprises: A survey,2021,EB Hansen,Elsevier,Journal of Manufacturing Systems,https://www.researchgate.net/profile/Emil-Hansen-10/publication/343630107_Artificial_intelligence_and_internet_of_things_in_small_and_medium-sized_enterprises_A_survey/links/607006f7a6fdcc5f7790a6bf/Artificial-intelligence-and-internet-of-things-in-small-and-medium-sized-enterprises-A-survey.pdf,180
4,Teachers' perspectives on artificial intelligence,2019,A Lindner,researchgate.net,12th International conference on,https://www.researchgate.net/profile/Annabel-Lindner/publication/337716601_Teachers'_Perspectives_on_Artificial_Intelligence/links/5e1077954585159aa4b140eb/Teachers-Perspectives-on-Artificial-Intelligence.pdf,180
5,Machine learning & artificial intelligence in the quantum domain: a review of recent progress,2018,V Dunjko,iopscience.iop.org,Reports on Progress in Physics,https://iopscience.iop.org/article/10.1088/1361-6633/aab406/pdf,180
6,Conceptual modeling in the era of Big Data and Artificial Intelligence: Research topics and introduction to the special issue,2021,J Trujillo,Elsevier,Data & Knowledge,https://rua.ua.es/dspace/bitstream/10045/118674/5/Trujillo_etal_2021_DataKnowEng_preprint.pdf,180
7,Linking artificial intelligence principles,2018,Y Zeng,arxiv.org,arXiv preprint arXiv:1812.04814,https://arxiv.org/pdf/1812.04814,180
8,Artificial intelligence in the 21st century,2018,J Liu,ieeexplore.ieee.org,IEEE Access,https://ieeexplore.ieee.org/iel7/6287639/6514899/08325446.pdf,180
9,Identification and analysis of core topics in educational artificial intelligence research: A Bibliometric analysis,2021,S Pu,un-pub.eu,Cypriot Journal of,https://www.un-pub.eu/ojs/index.php/cjes/article/download/5782/7379,180
0,Topics and trends in artificial intelligence assisted human brain research,2020,X Chen,journals.plos.org,PLoS One,https://journals.plos.org/plosone/article?id=10.1371/journal.pone.0231192,190
1,Advancements and hot research topics of artificial intelligence in mobile learning: a review of journal publications from 1995 to 2019,2021,GJ Hwang,inderscienceonline.com,International Journal of Mobile,https://www.inderscienceonline.com/doi/abs/10.1504/IJMLO.2021.118444,190
2,[BOOK][B] Introduction to artificial intelligence,2018,W Ertel,books.google.com,unknown,http://103.47.12.35/bitstream/handle/1/1295/PS2%20Introduction%20to%20Artificial%20Intelligence%20%28%20PDFDrive%20%29.pdf,190
3,Artificial intelligence and internet of things in small and medium-sized enterprises: A survey,2021,EB Hansen,Elsevier,Journal of Manufacturing Systems,https://www.researchgate.net/profile/Emil-Hansen-10/publication/343630107_Artificial_intelligence_and_internet_of_things_in_small_and_medium-sized_enterprises_A_survey/links/607006f7a6fdcc5f7790a6bf/Artificial-intelligence-and-internet-of-things-in-small-and-medium-sized-enterprises-A-survey.pdf,190
4,Teachers' perspectives on artificial intelligence,2019,A Lindner,researchgate.net,12th International conference on,https://www.researchgate.net/profile/Annabel-Lindner/publication/337716601_Teachers'_Perspectives_on_Artificial_Intelligence/links/5e1077954585159aa4b140eb/Teachers-Perspectives-on-Artificial-Intelligence.pdf,190
5,Machine learning & artificial intelligence in the quantum domain: a review of recent progress,2018,V Dunjko,iopscience.iop.org,Reports on Progress in Physics,https://iopscience.iop.org/article/10.1088/1361-6633/aab406/pdf,190
6,Conceptual modeling in the era of Big Data and Artificial Intelligence: Research topics and introduction to the special issue,2021,J Trujillo,Elsevier,Data & Knowledge,https://rua.ua.es/dspace/bitstream/10045/118674/5/Trujillo_etal_2021_DataKnowEng_preprint.pdf,190
7,Linking artificial intelligence principles,2018,Y Zeng,arxiv.org,arXiv preprint arXiv:1812.04814,https://arxiv.org/pdf/1812.04814,190
8,Artificial intelligence in the 21st century,2018,J Liu,ieeexplore.ieee.org,IEEE Access,https://ieeexplore.ieee.org/iel7/6287639/6514899/08325446.pdf,190
9,Identification and analysis of core topics in educational artificial intelligence research: A Bibliometric analysis,2021,S Pu,un-pub.eu,Cypriot Journal of,https://www.un-pub.eu/ojs/index.php/cjes/article/download/5782/7379,190
0,Topics and trends in artificial intelligence assisted human brain research,2020,X Chen,journals.plos.org,PLoS One,https://journals.plos.org/plosone/article?id=10.1371/journal.pone.0231192,200
1,Advancements and hot research topics of artificial intelligence in mobile learning: a review of journal publications from 1995 to 2019,2021,GJ Hwang,inderscienceonline.com,International Journal of Mobile,https://www.inderscienceonline.com/doi/abs/10.1504/IJMLO.2021.118444,200
2,[BOOK][B] Introduction to artificial intelligence,2018,W Ertel,books.google.com,unknown,http://103.47.12.35/bitstream/handle/1/1295/PS2%20Introduction%20to%20Artificial%20Intelligence%20%28%20PDFDrive%20%29.pdf,200
3,Artificial intelligence and internet of things in small and medium-sized enterprises: A survey,2021,EB Hansen,Elsevier,Journal of Manufacturing Systems,https://www.researchgate.net/profile/Emil-Hansen-10/publication/343630107_Artificial_intelligence_and_internet_of_things_in_small_and_medium-sized_enterprises_A_survey/links/607006f7a6fdcc5f7790a6bf/Artificial-intelligence-and-internet-of-things-in-small-and-medium-sized-enterprises-A-survey.pdf,200
4,Teachers' perspectives on artificial intelligence,2019,A Lindner,researchgate.net,12th International conference on,https://www.researchgate.net/profile/Annabel-Lindner/publication/337716601_Teachers'_Perspectives_on_Artificial_Intelligence/links/5e1077954585159aa4b140eb/Teachers-Perspectives-on-Artificial-Intelligence.pdf,200
5,Machine learning & artificial intelligence in the quantum domain: a review of recent progress,2018,V Dunjko,iopscience.iop.org,Reports on Progress in Physics,https://iopscience.iop.org/article/10.1088/1361-6633/aab406/pdf,200
6,Conceptual modeling in the era of Big Data and Artificial Intelligence: Research topics and introduction to the special issue,2021,J Trujillo,Elsevier,Data & Knowledge,https://rua.ua.es/dspace/bitstream/10045/118674/5/Trujillo_etal_2021_DataKnowEng_preprint.pdf,200
7,Linking artificial intelligence principles,2018,Y Zeng,arxiv.org,arXiv preprint arXiv:1812.04814,https://arxiv.org/pdf/1812.04814,200
8,Artificial intelligence in the 21st century,2018,J Liu,ieeexplore.ieee.org,IEEE Access,https://ieeexplore.ieee.org/iel7/6287639/6514899/08325446.pdf,200
9,Identification and analysis of core topics in educational artificial intelligence research: A Bibliometric analysis,2021,S Pu,un-pub.eu,Cypriot Journal of,https://www.un-pub.eu/ojs/index.php/cjes/article/download/5782/7379,200
0,Topics and trends in artificial intelligence assisted human brain research,2020,X Chen,journals.plos.org,PLoS One,https://journals.plos.org/plosone/article?id=10.1371/journal.pone.0231192,210
1,Advancements and hot research topics of artificial intelligence in mobile learning: a review of journal publications from 1995 to 2019,2021,GJ Hwang,inderscienceonline.com,International Journal of Mobile,https://www.inderscienceonline.com/doi/abs/10.1504/IJMLO.2021.118444,210
2,[BOOK][B] Introduction to artificial intelligence,2018,W Ertel,books.google.com,unknown,http://103.47.12.35/bitstream/handle/1/1295/PS2%20Introduction%20to%20Artificial%20Intelligence%20%28%20PDFDrive%20%29.pdf,210
3,Artificial intelligence and internet of things in small and medium-sized enterprises: A survey,2021,EB Hansen,Elsevier,Journal of Manufacturing Systems,https://www.researchgate.net/profile/Emil-Hansen-10/publication/343630107_Artificial_intelligence_and_internet_of_things_in_small_and_medium-sized_enterprises_A_survey/links/607006f7a6fdcc5f7790a6bf/Artificial-intelligence-and-internet-of-things-in-small-and-medium-sized-enterprises-A-survey.pdf,210
4,Teachers' perspectives on artificial intelligence,2019,A Lindner,researchgate.net,12th International conference on,https://www.researchgate.net/profile/Annabel-Lindner/publication/337716601_Teachers'_Perspectives_on_Artificial_Intelligence/links/5e1077954585159aa4b140eb/Teachers-Perspectives-on-Artificial-Intelligence.pdf,210
5,Machine learning & artificial intelligence in the quantum domain: a review of recent progress,2018,V Dunjko,iopscience.iop.org,Reports on Progress in Physics,https://iopscience.iop.org/article/10.1088/1361-6633/aab406/pdf,210
6,Conceptual modeling in the era of Big Data and Artificial Intelligence: Research topics and introduction to the special issue,2021,J Trujillo,Elsevier,Data & Knowledge,https://rua.ua.es/dspace/bitstream/10045/118674/5/Trujillo_etal_2021_DataKnowEng_preprint.pdf,210
7,Linking artificial intelligence principles,2018,Y Zeng,arxiv.org,arXiv preprint arXiv:1812.04814,https://arxiv.org/pdf/1812.04814,210
8,Artificial intelligence in the 21st century,2018,J Liu,ieeexplore.ieee.org,IEEE Access,https://ieeexplore.ieee.org/iel7/6287639/6514899/08325446.pdf,210
9,Identification and analysis of core topics in educational artificial intelligence research: A Bibliometric analysis,2021,S Pu,un-pub.eu,Cypriot Journal of,https://www.un-pub.eu/ojs/index.php/cjes/article/download/5782/7379,210
